-- Adds gossip options to flight masters for cross-faction flight points.

INSERT INTO `conditions`
(`condition_entry`, `type`, `value1`, `value2`)
VALUES
(             1707,      5,       47,        4),
(             1708,      5,       47,        5),
(             1709,      5,       47,        6),
(             1710,      5,       54,        4),
(             1711,      5,       54,        5),
(             1712,      5,       54,        6),
(             1713,      5,       68,        4),
(             1714,      5,       68,        5),
(             1715,      5,       68,        6),
(             1716,      5,       69,        4),
(             1717,      5,       69,        5),
(             1718,      5,       69,        6),
(             1719,      5,       72,        4),
(             1720,      5,       72,        5),
(             1721,      5,       72,        6),
(             1723,      5,       76,        5),
(             1724,      5,       76,        6),
(             1725,      5,       81,        4),
(             1726,      5,       81,        5),
(             1727,      5,       81,        6),
(             1728,     -1,        2,     1707),
(             1729,     -1,        2,     1708),
(             1730,     -1,        2,     1709),
(             1731,     -1,        2,     1710),
(             1732,     -1,        2,     1711),
(             1733,     -1,        2,     1712),
(             1734,     -1,        2,     1716),
(             1735,     -1,        2,     1717),
(             1736,     -1,        2,     1718),
(             1737,     -1,        2,     1719),
(             1738,     -1,        2,     1720),
(             1739,     -1,        2,     1721),
(             1740,     -1,        3,     1713),
(             1741,     -1,        3,     1714),
(             1742,     -1,        3,     1715),
(             4904,     -1,        3,     4903),
(             1744,     -1,        3,     1723),
(             1745,     -1,        3,     1724),
(             1746,     -1,        3,     1725),
(             1747,     -1,        3,     1726),
(             1748,     -1,        3,     1727),
(             1749,      4,       35,        0),
(             1750,      4,       42,        0),
(             1751,      4,       69,        0),
(             1752,      4,       75,        0),
(             1753,      4,      108,        0),
(             1754,      4,      117,        0),
(             1755,      4,      144,        0),
(             1756,      4,      150,        0),
(             1757,      4,      228,        0),
(             1758,      4,      251,        0),
(             1759,      4,      271,        0),
(             1760,      4,      272,        0),
(             1761,      4,      320,        0),
(             1762,      4,      321,        0),
(             1763,      4,      340,        0),
(             1764,      4,      348,        0),
(             1765,      4,      378,        0),
(             1766,      4,      380,        0),
(             1767,      4,      415,        0),
(             1768,      4,      431,        0),
(             1769,      4,      442,        0),
(             1770,      4,      460,        0),
(             1771,      4,      467,        0),
(             1772,      4,      484,        0),
(             1773,      4,      489,        0),
(             1775,      4,      496,        0),
(             1776,      4,      513,        0),
(             1777,      4,      608,        0),
(             1778,      4,      702,        0),
(             1779,      4,      976,        0),
(             1780,      4,     1099,        0),
(             1781,      4,     1116,        0),
(             1782,      4,     1237,        0),
(             1783,      4,     1438,        0),
(             1784,      4,     1446,        0),
(             1785,      4,     1497,        0),
(             1786,      4,     1519,        0),
(             1787,      4,     1537,        0),
(             1788,      4,     1637,        0),
(             1789,      4,     1638,        0),
(             1790,      4,     1997,        0),
(             1791,      4,     1998,        0),
(             1792,      4,     2255,        0),
(             1793,      4,     2268,        0),
(             1794,      4,     2408,        0),
(              299,      4,     2418,        0),
(             1796,      4,     2897,        0),
(             1797,      4,     3137,        0),
(             1798,      4,     3197,        0),
(              275,      4,     3317,        0),
(              276,      4,     3425,        0),
(              282,     -3,     1749,        0),
(              284,     -3,     1750,        0),
(              288,     -3,     1751,        0),
(             1804,     -3,     1752,        0),
(             1805,     -3,     1753,        0),
(             1806,     -3,     1754,        0),
(             1807,     -3,     1755,        0),
(             1808,     -3,     1756,        0),
(             1809,     -3,     1757,        0),
(             1810,     -3,     1758,        0),
(             1811,     -3,     1759,        0),
(             1812,     -3,     1760,        0),
(             1813,     -3,     1761,        0),
(             1814,     -3,     1762,        0),
(             1815,     -3,     1763,        0),
(             1816,     -3,     1764,        0),
(             1817,     -3,     1765,        0),
(             1818,     -3,     1766,        0),
(             1819,     -3,     1767,        0),
(             1820,     -3,     1768,        0),
(             1821,     -3,     1769,        0),
(             1822,     -3,     1770,        0),
(             1823,     -3,     1771,        0),
(             1824,     -3,     1772,        0),
(             1825,     -3,     1773,        0),
(             1826,     -3,       69,        0),
(             1827,     -3,     1775,        0),
(             1828,     -3,     1776,        0),
(             1829,     -3,     1777,        0),
(             1830,     -3,     1778,        0),
(             1831,     -3,     1779,        0),
(             1832,     -3,     1780,        0),
(             1833,     -3,     1781,        0),
(             1834,     -3,     1782,        0),
(             1835,     -3,     1783,        0),
(             1836,     -3,     1784,        0),
(             1837,     -3,     1785,        0),
(             1838,     -3,     1786,        0),
(             1839,     -3,     1787,        0),
(             1840,     -3,     1788,        0),
(             1841,     -3,     1789,        0),
(             1842,     -3,     1790,        0),
(             1843,     -3,     1791,        0),
(             1844,     -3,     1792,        0),
(             1845,     -3,     1793,        0),
(             1846,     -3,     1794,        0),
(             1847,     -3,      299,        0),
(             1848,     -3,     1796,        0),
(             1849,     -3,     1797,        0),
(             1850,     -3,     1798,        0),
(             1851,     -3,      275,        0),
(             1852,     -3,      276,        0),
(             1853,     -1,     1708,      282),
(             1854,     -1,     4903,     1801),
(             1855,     -1,     1720,      284),
(             1856,     -1,     1719,      288),
(             1857,     -1,     1723,     1804),
(             1858,     -1,     1719,     1805),
(             1859,     -1,     4903,     1806),
(              204,     -1,     1707,     1807),
(              255,     -1,     1720,     1808),
(              174,     -1,     1713,     1809),
(             1863,     -1,     1724,     1810),
(             1864,     -1,     1720,     1811),
(             1865,     -1,     1714,     1812),
(             1866,     -1,     1721,     1813),
(             1867,     -1,     4903,     1814),
(             1868,     -1,     4903,     1815),
(             1869,     -1,     1708,     1816),
(             1870,     -1,     1725,     1817),
(             1871,     -1,     4903,     1818),
(             1872,     -1,     1716,     1819),
(             1873,     -1,     1723,     1820),
(             1874,     -1,     1716,     1821),
(             1875,     -1,     1725,     1822),
(             1876,     -1,     1716,     1823),
(             1877,     -1,     1726,     1824),
(             1878,     -1,     1717,     1825),
(             1879,     -1,     1717,     1826),
(             1880,     -1,     1724,     1826),
(              237,     -1,     1723,     1827),
(              238,     -1,     1721,     1828),
(              239,     -1,     1717,     1829),
(             1884,     -1,     1716,     1830),
(             1885,     -1,     1721,     1831),
(             1886,     -1,     1724,     1831),
(             1887,     -1,     1727,     1832),
(             1888,     -1,     1717,     1833),
(             1889,     -1,     1723,     1834),
(             1890,     -1,     1721,     1835),
(             1891,     -1,     1709,     1836),
(             1892,     -1,     1724,     1836),
(             1893,     -1,     1713,     1837),
(             1894,     -1,     1719,     1838),
(             1895,     -1,     1707,     1839),
(             1896,     -1,     4903,     1840),
(             1897,     -1,     1725,     1841),
(             1898,     -1,     1723,     1842),
(             1899,     -1,     1718,     1843),
(             1900,     -1,     1718,     1844),
(             1901,     -1,     1724,     1844),
(             1902,     -1,     1709,     1845),
(             1903,     -1,     1715,     1845),
(             1904,     -1,     1726,     1846),
(             1905,     -1,     1709,     1847),
(             1906,     -1,     1723,     1848),
(             1907,     -1,     1718,     1849),
(             1908,     -1,     1712,     1850),
(             1909,     -1,     1724,     1851),
(             1910,     -1,     1718,     1852),
(             1911,     -1,     1727,     1852);

INSERT INTO `broadcast_text`
(`entry`, `male_text`,                                         `female_text`,                                       `sound_id`, `language_id`, `emote_id1`, `emote_id2`, `emote_id3`, `emote_delay1`, `emote_delay2`, `emote_delay3`)
VALUES
(  20,    'Which Alliance location would you like to fly to?', 'Which Alliance location would you like to fly to?',          0,             7,           0,           0,           0,              0,              0,              0),
(  21,    'Which Horde location would you like to fly to?',    'Which Horde location would you like to fly to?',             0,             7,           0,           0,           0,              0,              0,              0);

INSERT INTO `npc_text`
(`ID`, `BroadcastTextID0`, `Probability0`, `BroadcastTextID1`, `Probability1`, `BroadcastTextID2`, `Probability2`, `BroadcastTextID3`, `Probability3`, `BroadcastTextID4`, `Probability4`, `BroadcastTextID5`, `Probability5`, `BroadcastTextID6`, `Probability6`, `BroadcastTextID7`, `Probability7`)
VALUES
(   2,                 20,              1,                  0,              0,                  0,              0,                  0,              0,                  0,              0,                  0,              0,                  0,              0,                  0,              0),
(   3,                 21,              1,                  0,              0,                  0,              0,                  0,              0,                  0,              0,                  0,              0,                  0,              0,                  0,              0);

INSERT INTO `gossip_scripts`
(`id`, `delay`, `command`, `datalong`, `datalong2`, `datalong3`, `datalong4`, `data_flags`, `dataint`, `dataint2`, `dataint3`, `dataint4`, `x`, `y`, `z`, `o`, `comments`)
VALUES
(  75,       0,        30,         43,           0,           0,           0,            0,         0,          0,          0,          0,   0,   0,   0,   0, 'Fly to Aerie Peak'),
(  76,       0,        30,         28,           0,           0,           0,            0,         0,          0,          0,          0,   0,   0,   0,   0, 'Fly to Astranaar'),
(  77,       0,        30,         26,           0,           0,           0,            0,         0,          0,          0,          0,   0,   0,   0,   0, 'Fly to Auberdine'),
(  78,       0,        30,         48,           0,           0,           0,            0,         0,          0,          0,          0,   0,   0,   0,   0, 'Fly to Bloodvenom Post'),
(  79,       0,        30,         18,           0,           0,           0,            0,         0,          0,          0,          0,   0,   0,   0,   0, 'Fly to Booty Bay (Horde)'),
(  80,       0,        30,         19,           0,           0,           0,            0,         0,          0,          0,          0,   0,   0,   0,   0, 'Fly to Booty Bay (Alliance)'),
(  81,       0,        30,         55,           0,           0,           0,            0,         0,          0,          0,          0,   0,   0,   0,   0, 'Fly to Brackenwall Village'),
(  82,       0,        30,         42,           0,           0,           0,            0,         0,          0,          0,          0,   0,   0,   0,   0, 'Fly to Camp Mojache'),
(  83,       0,        30,         77,           0,           0,           0,            0,         0,          0,          0,          0,   0,   0,   0,   0, 'Fly to Camp Taurajo'),
(  84,       0,        30,         72,           0,           0,           0,            0,         0,          0,          0,          0,   0,   0,   0,   0, 'Fly to Cenarion Hold (Horde)'),
(  85,       0,        30,         73,           0,           0,           0,            0,         0,          0,          0,          0,   0,   0,   0,   0, 'Fly to Cenarion Hold (Alliance)'),
(  86,       0,        30,         66,           0,           0,           0,            0,         0,          0,          0,          0,   0,   0,   0,   0, 'Fly to Chillwind Camp'),
(  87,       0,        30,         25,           0,           0,           0,            0,         0,          0,          0,          0,   0,   0,   0,   0, 'Fly to Crossroads'),
(  88,       0,        30,         12,           0,           0,           0,            0,         0,          0,          0,          0,   0,   0,   0,   0, 'Fly to Darkshire'),
(  89,       0,        30,         52,           0,           0,           0,            0,         0,          0,          0,          0,   0,   0,   0,   0, 'Fly to Everlook (Alliance)'),
(  90,       0,        30,         53,           0,           0,           0,            0,         0,          0,          0,          0,   0,   0,   0,   0, 'Fly to Everlook (Horde)'),
(  91,       0,        30,         41,           0,           0,           0,            0,         0,          0,          0,          0,   0,   0,   0,   0, 'Fly to Feathermoon'),
(  92,       0,        30,         70,           0,           0,           0,            0,         0,          0,          0,          0,   0,   0,   0,   0, 'Fly to Flame Crest'),
(  93,       0,        30,         30,           0,           0,           0,            0,         0,          0,          0,          0,   0,   0,   0,   0, 'Fly to Freewind Post'),
(  94,       0,        30,         39,           0,           0,           0,            0,         0,          0,          0,          0,   0,   0,   0,   0, 'Fly to Gadgetzan (Alliance)'),
(  95,       0,        30,         40,           0,           0,           0,            0,         0,          0,          0,          0,   0,   0,   0,   0, 'Fly to Gadgetzan (Horde)'),
(  96,       0,        30,         20,           0,           0,           0,            0,         0,          0,          0,          0,   0,   0,   0,   0, 'Fly to Grom''gol'),
(  97,       0,        30,         17,           0,           0,           0,            0,         0,          0,          0,          0,   0,   0,   0,   0, 'Fly to Hammerfall'),
(  98,       0,        30,          6,           0,           0,           0,            0,         0,          0,          0,          0,   0,   0,   0,   0, 'Fly to Ironforge'),
(  99,       0,        30,         21,           0,           0,           0,            0,         0,          0,          0,          0,   0,   0,   0,   0, 'Fly to Kargath'),
( 100,       0,        30,          5,           0,           0,           0,            0,         0,          0,          0,          0,   0,   0,   0,   0, 'Fly to Lakeshire'),
( 101,       0,        30,         67,           0,           0,           0,            0,         0,          0,          0,          0,   0,   0,   0,   0, 'Fly to Light''s Hope Chapel (Alliance)'),
( 102,       0,        30,         68,           0,           0,           0,            0,         0,          0,          0,          0,   0,   0,   0,   0, 'Fly to Light''s Hope Chapel (Horde)'),
( 103,       0,        30,          7,           0,           0,           0,            0,         0,          0,          0,          0,   0,   0,   0,   0, 'Fly to Menethil Harbor'),
( 104,       0,        30,         49,           0,           0,           0,            0,         0,          0,          0,          0,   0,   0,   0,   0, 'Fly to Moonglade (Alliance)'),
( 105,       0,        30,         69,           0,           0,           0,            0,         0,          0,          0,          0,   0,   0,   0,   0, 'Fly to Moonglade (Horde)'),
( 106,       0,        30,         71,           0,           0,           0,            0,         0,          0,          0,          0,   0,   0,   0,   0, 'Fly to Morgan''s Vigil'),
( 107,       0,        30,         45,           0,           0,           0,            0,         0,          0,          0,          0,   0,   0,   0,   0, 'Fly to Nethergarde Keep'),
( 108,       0,        30,         37,           0,           0,           0,            0,         0,          0,          0,          0,   0,   0,   0,   0, 'Fly to Nijel''s Point'),
( 109,       0,        30,         23,           0,           0,           0,            0,         0,          0,          0,          0,   0,   0,   0,   0, 'Fly to Orgrimmar'),
( 110,       0,        30,         16,           0,           0,           0,            0,         0,          0,          0,          0,   0,   0,   0,   0, 'Fly to Refuge Pointe'),
( 111,       0,        30,         76,           0,           0,           0,            0,         0,          0,          0,          0,   0,   0,   0,   0, 'Fly to Revantusk Village'),
( 112,       0,        30,         27,           0,           0,           0,            0,         0,          0,          0,          0,   0,   0,   0,   0, 'Fly to Rut''theran Village'),
( 113,       0,        30,          4,           0,           0,           0,            0,         0,          0,          0,          0,   0,   0,   0,   0, 'Fly to Sentinel Hill'),
( 114,       0,        30,         38,           0,           0,           0,            0,         0,          0,          0,          0,   0,   0,   0,   0, 'Fly to Shadowprey Village'),
( 115,       0,        30,         14,           0,           0,           0,            0,         0,          0,          0,          0,   0,   0,   0,   0, 'Fly to Southshore'),
( 116,       0,        30,         61,           0,           0,           0,            0,         0,          0,          0,          0,   0,   0,   0,   0, 'Fly to Splintertree Post'),
( 117,       0,        30,         56,           0,           0,           0,            0,         0,          0,          0,          0,   0,   0,   0,   0, 'Fly to Stonard'),
( 118,       0,        30,         33,           0,           0,           0,            0,         0,          0,          0,          0,   0,   0,   0,   0, 'Fly to Stonetalon Peak'),
( 119,       0,        30,          2,           0,           0,           0,            0,         0,          0,          0,          0,   0,   0,   0,   0, 'Fly to Stormwind'),
( 120,       0,        30,         29,           0,           0,           0,            0,         0,          0,          0,          0,   0,   0,   0,   0, 'Fly to Sun Rock Retreat'),
( 121,       0,        30,         65,           0,           0,           0,            0,         0,          0,          0,          0,   0,   0,   0,   0, 'Fly to Talonbranch Glade'),
( 122,       0,        30,         64,           0,           0,           0,            0,         0,          0,          0,          0,   0,   0,   0,   0, 'Fly to Talrendis Point'),
( 123,       0,        30,         13,           0,           0,           0,            0,         0,          0,          0,          0,   0,   0,   0,   0, 'Fly to Tarren Mill'),
( 124,       0,        30,         31,           0,           0,           0,            0,         0,          0,          0,          0,   0,   0,   0,   0, 'Fly to Thalanaar'),
( 125,       0,        30,         10,           0,           0,           0,            0,         0,          0,          0,          0,   0,   0,   0,   0, 'Fly to The Sepulcher'),
( 126,       0,        30,          8,           0,           0,           0,            0,         0,          0,          0,          0,   0,   0,   0,   0, 'Fly to Thelsamar'),
( 127,       0,        30,         32,           0,           0,           0,            0,         0,          0,          0,          0,   0,   0,   0,   0, 'Fly to Theramore'),
( 128,       0,        30,         74,           0,           0,           0,            0,         0,          0,          0,          0,   0,   0,   0,   0, 'Fly to Thorium Point (Alliance)'),
( 129,       0,        30,         75,           0,           0,           0,            0,         0,          0,          0,          0,   0,   0,   0,   0, 'Fly to Thorium Point (Horde)'),
( 130,       0,        30,         22,           0,           0,           0,            0,         0,          0,          0,          0,   0,   0,   0,   0, 'Fly to Thunder Bluff'),
( 131,       0,        30,         11,           0,           0,           0,            0,         0,          0,          0,          0,   0,   0,   0,   0, 'Fly to Undercity'),
( 132,       0,        30,         44,           0,           0,           0,            0,         0,          0,          0,          0,   0,   0,   0,   0, 'Fly to Valormok'),
( 133,       0,        30,         58,           0,           0,           0,            0,         0,          0,          0,          0,   0,   0,   0,   0, 'Fly to Zoram''gar Outpost');

DELETE FROM `gossip_menu` WHERE `entry` = 6944;

INSERT INTO `gossip_menu`
(`entry`, `text_id`, `condition_id`) VALUES
(   182,          2,              0),
(   183,          2,              0),
(   184,          3,              0),
(   185,          3,              0),
(   186,       1256,              0),
(   187,       5009,              0),
(   188,       5453,              0),
(   189,       5473,              0),
(   190,       5474,              0),
(   191,       5479,              0),
(   192,       5454,              0),
(   193,       5454,              0),
(   194,       5495,              0),
(   195,       5500,              0),
(   196,       5516,              0),
(   197,       5580,              0),
(   198,       5582,              0),
(   199,       7122,              0),
(   200,       7123,              0),
(   201,       7778,              0),
(   202,       7315,              0),
(   203,       7778,              0),
(   204,       7778,              0),
(   205,       7778,              0),
(   206,       7778,              0),
(   207,       7778,              0),
(   208,       7778,              0),
(   209,       7778,              0),
(   210,       7778,              0),
(   211,       7778,              0),
(   212,       7778,              0),
(   213,       7778,              0),
(   214,       7778,              0),
(   215,       7778,              0),
(   216,       7778,              0),
(   217,       7778,              0),
(   218,       7778,              0),
(   219,       7778,              0),
(   220,       7778,              0),
(   221,       7778,              0),
(   222,       7778,              0),
(   223,       7778,              0),
(   224,       7778,              0),
(   225,       7778,              0),
(   226,       7778,              0),
(   227,       7778,              0),
(   228,       7778,              0),
(   229,       7778,              0),
(   230,       7778,              0),
(   231,       7778,              0),
(   232,       7778,              0),
(   233,       7778,              0),
(   234,       7778,              0),
(   235,       7778,              0),
(   236,       7778,              0),
(   237,       7778,              0),
(   238,       7778,              0),
(   239,       7778,              0),
(   240,       7778,              0),
(   241,       7778,              0),
(   242,       7778,              0),
(   243,       7778,              0),
(   244,       7778,              0);

DELETE FROM `gossip_menu_option` WHERE `menu_id` = 6944;

INSERT INTO `gossip_menu_option`
(`menu_id`, `id`, `option_icon`, `option_text`,                               `option_id`, `npc_option_npcflag`, `action_menu_id`, `action_poi_id`, `action_script_id`, `box_coded`, `box_money`, `box_text`, `condition_id`)
VALUES
(      182,    0,             2, 'Aerie Peak, The Hinterlands',                         1,                    1,                0,               0,                 75,           0,           0, NULL,                 1869),
(      182,    1,             2, 'Booty Bay, Stranglethorn',                            1,                    1,                0,               0,                 80,           0,           0, NULL,                 1853),
(      182,    2,             2, 'Chillwind Camp, Western Plaguelands',                 1,                    1,                0,               0,                 86,           0,           0, NULL,                 1908),
(      182,    3,             2, 'Darkshire, Duskwood',                                 1,                    1,                0,               0,                 88,           0,           0, NULL,                 1855),
(      182,    4,             2, 'Ironforge, Dun Morogh',                               1,                    1,                0,               0,                 98,           0,           0, NULL,                 1895),
(      182,    5,             2, 'Lakeshire, Redridge',                                 1,                    1,                0,               0,                100,           0,           0, NULL,                 1856),
(      182,    6,             2, 'Light''s Hope Chapel, Eastern Plaguelands',           1,                    1,                0,               0,                101,           0,           0, NULL,                 1902),
(      182,    7,             2, 'Menethil Harbor, Wetlands',                           1,                    1,                0,               0,                103,           0,           0, NULL,                  255),
(      182,    8,             2, 'Morgan''s Vigil, Burning Steppes',                    1,                    1,                0,               0,                106,           0,           0, NULL,                 1905),
(      182,    9,             2, 'Nethergarde Keep, Blasted Lands',                     1,                    1,                0,               0,                107,           0,           0, NULL,                 1890),
(      182,   10,             2, 'Refuge Pointe, Arathi',                               1,                    1,                0,               0,                110,           0,           0, NULL,                 1866),
(      182,   11,             2, 'Sentinel Hill, Westfall',                             1,                    1,                0,               0,                113,           0,           0, NULL,                 1858),
(      182,   12,             2, 'Southshore, Hillsbrad',                               1,                    1,                0,               0,                115,           0,           0, NULL,                 1864),
(      182,   13,             2, 'Stormwind, Elwynn',                                   1,                    1,                0,               0,                119,           0,           0, NULL,                 1894),
(      182,   14,             2, 'Thelsamar, Loch Modan',                               1,                    1,                0,               0,                126,           0,           0, NULL,                  204),
(      182,   15,             2, 'Thorium Point, Searing Gorge',                        1,                    1,                0,               0,                128,           0,           0, NULL,                 1891),
(      183,    0,             2, 'Astranaar, Ashenvale',                                1,                    1,                0,               0,                 76,           0,           0, NULL,                 1872),
(      183,    1,             2, 'Auberdine, Darkshore',                                1,                    1,                0,               0,                 77,           0,           0, NULL,                 1874),
(      183,    2,             2, 'Cenarion Hold, Silithus',                             1,                    1,                0,               0,                 85,           0,           0, NULL,                 1910),
(      183,    3,             2, 'Everlook, Winterspring',                              1,                    1,                0,               0,                 89,           0,           0, NULL,                 1900),
(      183,    4,             2, 'Feathermoon, Feralas',                                1,                    1,                0,               0,                 91,           0,           0, NULL,                 1888),
(      183,    5,             2, 'Gadgetzan, Tanaris',                                  1,                    1,                0,               0,                 94,           0,           0, NULL,                 1885),
(      183,    6,             2, 'Moonglade',                                           1,                    1,                0,               0,                104,           0,           0, NULL,                 1879),
(      183,    7,             2, 'Nijel''s Point, Desolace',                            1,                    1,                0,               0,                108,           0,           0, NULL,                  239),
(      183,    8,             2, 'Rut''theran Village, Teldrassil',                     1,                    1,                0,               0,                112,           0,           0, NULL,                 1884),
(      183,    9,             2, 'Stonetalon Peak, Stonetalon Mountains',               1,                    1,                0,               0,                118,           0,           0, NULL,                 1876),
(      183,   10,             2, 'Talonbranch Glade, Felwood',                          1,                    1,                0,               0,                121,           0,           0, NULL,                 1899),
(      183,   11,             2, 'Talrendis Point, Azshara',                            1,                    1,                0,               0,                122,           0,           0, NULL,                 1907),
(      183,   12,             2, 'Thalanaar, Feralas',                                  1,                    1,                0,               0,                124,           0,           0, NULL,                 1878),
(      183,   13,             2, 'Theramore, Dustwallow Marsh',                         1,                    1,                0,               0,                127,           0,           0, NULL,                  238),
(      184,    0,             2, 'Booty Bay, Stranglethorn',                            1,                    1,                0,               0,                 79,           0,           0, NULL,                 1854),
(      184,    1,             2, 'Flame Crest, Burning Steppes',                        1,                    1,                0,               0,                 92,           0,           0, NULL,                 1863),
(      184,    2,             2, 'Grom''gol, Stranglethorn',                            1,                    1,                0,               0,                 96,           0,           0, NULL,                 1859),
(      184,    3,             2, 'Hammerfall, Arathi',                                  1,                    1,                0,               0,                 97,           0,           0, NULL,                 1867),
(      184,    4,             2, 'Kargath, Badlands',                                   1,                    1,                0,               0,                 99,           0,           0, NULL,                 1868),
(      184,    5,             2, 'Light''s Hope Chapel, Eastern Plaguelands',           1,                    1,                0,               0,                102,           0,           0, NULL,                 1903),
(      184,    6,             2, 'Revantusk Village, The Hinterlands',                  1,                    1,                0,               0,                111,           0,           0, NULL,                 1909),
(      184,    7,             2, 'Stonard, Swamp of Sorrows',                           1,                    1,                0,               0,                117,           0,           0, NULL,                 1857),
(      184,    8,             2, 'Tarren Mill, Hillsbrad',                              1,                    1,                0,               0,                123,           0,           0, NULL,                 1865),
(      184,    9,             2, 'The Sepulcher, Silverpine Forest',                    1,                    1,                0,               0,                125,           0,           0, NULL,                  174),
(      184,   10,             2, 'Thorium Point, Searing Gorge',                        1,                    1,                0,               0,                129,           0,           0, NULL,                 1892),
(      184,   11,             2, 'Undercity, Tirisfal',                                 1,                    1,                0,               0,                131,           0,           0, NULL,                 1893),
(      185,    0,             2, 'Bloodvenom Post, Felwood',                            1,                    1,                0,               0,                 78,           0,           0, NULL,                 1898),
(      185,    1,             2, 'Brackenwall Village, Dustwallow Marsh',               1,                    1,                0,               0,                 81,           0,           0, NULL,                  237),
(      185,    2,             2, 'Camp Mojache, Feralas',                               1,                    1,                0,               0,                 82,           0,           0, NULL,                 1887),
(      185,    3,             2, 'Camp Taurajo, The Barrens',                           1,                    1,                0,               0,                 83,           0,           0, NULL,                 1870),
(      185,    4,             2, 'Cenarion Hold, Silithus',                             1,                    1,                0,               0,                 84,           0,           0, NULL,                 1911),
(      185,    5,             2, 'Crossroads, The Barrens',                             1,                    1,                0,               0,                 87,           0,           0, NULL,                 1871),
(      185,    6,             2, 'Everlook, Winterspring',                              1,                    1,                0,               0,                 90,           0,           0, NULL,                 1901),
(      185,    7,             2, 'Freewind Post, Thousand Needles',                     1,                    1,                0,               0,                 93,           0,           0, NULL,                 1877),
(      185,    8,             2, 'Gadgetzan, Tanaris',                                  1,                    1,                0,               0,                 95,           0,           0, NULL,                 1886),
(      185,    9,             2, 'Moonglade',                                           1,                    1,                0,               0,                105,           0,           0, NULL,                 1880),
(      185,   10,             2, 'Orgrimmar, Durotar',                                  1,                    1,                0,               0,                109,           0,           0, NULL,                 1896),
(      185,   11,             2, 'Shadowprey Village, Desolace',                        1,                    1,                0,               0,                114,           0,           0, NULL,                 1904),
(      185,   12,             2, 'Splintertree Post, Ashenvale',                        1,                    1,                0,               0,                116,           0,           0, NULL,                 1873),
(      185,   13,             2, 'Sun Rock Retreat, Stonetalon Mountains',              1,                    1,                0,               0,                120,           0,           0, NULL,                 1875),
(      185,   14,             2, 'Thunder Bluff, Mulgore',                              1,                    1,                0,               0,                130,           0,           0, NULL,                 1897),
(      185,   15,             2, 'Valormok, Azshara',                                   1,                    1,                0,               0,                132,           0,           0, NULL,                 1889),
(      185,   16,             2, 'Zoram''gar Outpost, Ashenvale',                       1,                    1,                0,               0,                133,           0,           0, NULL,                 1906),
(      186,    0,             2, 'I need a ride.',                                      4,                    8,                0,               0,                  0,           0,           0, NULL,                    3),
(      186,    1,             0, 'GOSSIP_OPTION_QUESTGIVER',                            2,                    2,                0,               0,                  0,           0,           0, NULL,                    0),
(      186,    2,             2, 'I''d like to fly to an Alliance location.',           1,                    1,              182,               0,                  0,           0,           0, NULL,                 1737),
(      187,    0,             2, 'I need a ride.',                                      4,                    8,                0,               0,                  0,           0,           0, NULL,                    3),
(      187,    1,             0, 'GOSSIP_OPTION_QUESTGIVER',                            2,                    2,                0,               0,                  0,           0,           0, NULL,                    0),
(      187,    2,             2, 'I''d like to fly to an Alliance location.',           1,                    1,              183,               0,                  0,           0,           0, NULL,                 1737),
(      188,    0,             2, 'I need a ride.',                                      4,                    8,                0,               0,                  0,           0,           0, NULL,                    2),
(      188,    1,             0, 'GOSSIP_OPTION_QUESTGIVER',                            2,                    2,                0,               0,                  0,           0,           0, NULL,                    0),
(      188,    2,             2, 'I''d like to fly to a Horde location.',               1,                    1,              185,               0,                  0,           0,           0, NULL,                 1740),
(      189,    0,             2, 'I need a ride.',                                      4,                    8,                0,               0,                  0,           0,           0, NULL,                    3),
(      189,    1,             2, 'I''d like to fly to an Alliance location.',           1,                    8,              183,               0,                  0,           0,           0, NULL,                 1734),
(      190,    0,             2, 'I need a ride.',                                      4,                    8,                0,               0,                  0,           0,           0, NULL,                    3),
(      190,    1,             0, 'GOSSIP_OPTION_QUESTGIVER',                            2,                    2,                0,               0,                  0,           0,           0, NULL,                    0),
(      190,    2,             2, 'I''d like to fly to an Alliance location.',           1,                    1,              183,               0,                  0,           0,           0, NULL,                 1734),
(      191,    0,             2, 'Sure! Let''s go for a ride.',                         4,                    8,                0,               0,                  0,           0,           0, NULL,                    3),
(      191,    1,             2, 'I''d like to fly to an Alliance location.',           1,                    8,              182,               0,                  0,           0,           0, NULL,                 1729),
(      192,    0,             2, 'I need a ride.',                                      4,                    8,                0,               0,                  0,           0,           0, NULL,                    2),
(      192,    1,             0, 'GOSSIP_OPTION_QUESTGIVER',                            2,                    2,                0,               0,                  0,           0,           0, NULL,                    0),
(      192,    2,             2, 'I''d like to fly to a Horde location.',               1,                    1,              184,               0,                  0,           0,           0, NULL,                 4904),
(      193,    0,             2, 'I need a ride.',                                      4,                    8,                0,               0,                  0,           0,           0, NULL,                    2),
(      193,    1,             0, 'GOSSIP_OPTION_QUESTGIVER',                            2,                    2,                0,               0,                  0,           0,           0, NULL,                    0),
(      193,    2,             2, 'I''d like to fly to a Horde location.',               1,                    1,              184,               0,                  0,           0,           0, NULL,                 1740),
(      194,    0,             2, 'I need a ride.',                                      4,                    8,                0,               0,                  0,           0,           0, NULL,                    2),
(      194,    1,             0, 'GOSSIP_OPTION_QUESTGIVER',                            2,                    2,                0,               0,                  0,           0,           0, NULL,                    0),
(      194,    2,             2, 'I''d like to fly to a Horde location.',               1,                    1,              185,               0,                  0,           0,           0, NULL,                 4904),
(      195,    0,             2, 'I need a ride.',                                      4,                    8,                0,               0,                  0,           0,           0, NULL,                    2),
(      195,    1,             2, 'I''d like to fly to a Horde location.',               1,                    8,              185,               0,                  0,           0,           0, NULL,                 1746),
(      196,    0,             2, 'I need a ride.',                                      4,                    8,                0,               0,                  0,           0,           0, NULL,                    2),
(      196,    1,             0, 'GOSSIP_OPTION_QUESTGIVER',                            2,                    2,                0,               0,                  0,           0,           0, NULL,                    0),
(      196,    2,             2, 'I''d like to fly to a Horde location.',               1,                    1,              185,               0,                  0,           0,           0, NULL,                 4904),
(      197,    0,             2, 'I need a ride.',                                      4,                    8,                0,               0,                  0,           0,           0, NULL,                    3),
(      197,    1,             2, 'I''d like to fly to an Alliance location.',           1,                    8,              182,               0,                  0,           0,           0, NULL,                 1723),
(      198,    0,             2, 'I need a ride.',                                      4,                    8,                0,               0,                  0,           0,           0, NULL,                    3),
(      198,    1,             0, 'GOSSIP_OPTION_QUESTGIVER',                            2,                    2,                0,               0,                  0,           0,           0, NULL,                    0),
(      198,    2,             2, 'I''d like to fly to an Alliance location.',           1,                    1,              182,               0,                  0,           0,           0, NULL,                 1728),
(      199,    0,             2, 'I need a ride.',                                      4,                    8,                0,               0,                  0,           0,           0, NULL,                    3),
(      199,    1,             2, 'I''d like to fly to an Alliance location.',           1,                    8,              182,               0,                  0,           0,           0, NULL,                 1730),
(      200,    0,             2, 'I need a ride.',                                      4,                    8,                0,               0,                  0,           0,           0, NULL,                    2),
(      200,    1,             2, 'I''d like to fly to a Horde location.',               1,                    8,              184,               0,                  0,           0,           0, NULL,                 1745),
(      201,    0,             2, 'I need a ride.',                                      4,                    8,                0,               0,                  0,           0,           0, NULL,                    2),
(      201,    1,             2, 'I''d like to fly to a Horde location.',               1,                    8,              184,               0,                  0,           0,           0, NULL,                 1745),
(      202,    0,             2, 'I need a ride.',                                      4,                    8,                0,               0,                  0,           0,           0, NULL,                    2),
(      202,    1,             2, 'I''d like to fly to a Horde location.',               1,                    8,              185,               0,                  0,           0,           0, NULL,                 1746),
(      203,    0,             2, 'Show me where I can fly.',                            4,                    8,                0,               0,                  0,           0,           0, NULL,                    3),
(      203,    1,             0, 'GOSSIP_OPTION_QUESTGIVER',                            2,                    2,                0,               0,                  0,           0,           0, NULL,                    0),
(      203,    2,             2, 'I''d like to fly to an Alliance location.',           1,                    1,              182,               0,                  0,           0,           0, NULL,                 1737),
(      204,    0,             2, 'Show me where I can fly.',                            4,                    8,                0,               0,                  0,           0,           0, NULL,                    2),
(      204,    1,             0, 'GOSSIP_OPTION_QUESTGIVER',                            2,                    2,                0,               0,                  0,           0,           0, NULL,                    0),
(      204,    2,             2, 'I''d like to fly to a Horde location.',               1,                    1,              184,               0,                  0,           0,           0, NULL,                 4904),
(      205,    0,             2, 'Show me where I can fly.',                            4,                    8,                0,               0,                  0,           0,           0, NULL,                    3),
(      205,    1,             0, 'GOSSIP_OPTION_QUESTGIVER',                            2,                    2,                0,               0,                  0,           0,           0, NULL,                    0),
(      205,    2,             2, 'I''d like to fly to an Alliance location.',           1,                    1,              182,               0,                  0,           0,           0, NULL,                 1738),
(      206,    0,             2, 'Show me where I can fly.',                            4,                    8,                0,               0,                  0,           0,           0, NULL,                    3),
(      206,    1,             0, 'GOSSIP_OPTION_QUESTGIVER',                            2,                    2,                0,               0,                  0,           0,           0, NULL,                    0),
(      206,    2,             2, 'I''d like to fly to an Alliance location.',           1,                    1,              182,               0,                  0,           0,           0, NULL,                 1730),
(      207,    0,             2, 'Show me where I can fly.',                            4,                    8,                0,               0,                  0,           0,           0, NULL,                    2),
(      207,    1,             0, 'GOSSIP_OPTION_QUESTGIVER',                            2,                    2,                0,               0,                  0,           0,           0, NULL,                    0),
(      207,    2,             2, 'I''d like to fly to a Horde location.',               1,                    1,              184,               0,                  0,           0,           0, NULL,                 1741),
(      208,    0,             2, 'Show me where I can fly.',                            4,                    8,                0,               0,                  0,           0,           0, NULL,                    3),
(      208,    1,             0, 'GOSSIP_OPTION_QUESTGIVER',                            2,                    2,                0,               0,                  0,           0,           0, NULL,                    0),
(      208,    2,             2, 'I''d like to fly to an Alliance location.',           1,                    1,              182,               0,                  0,           0,           0, NULL,                 1738),
(      209,    0,             2, 'Show me where I can fly.',                            4,                    8,                0,               0,                  0,           0,           0, NULL,                    3),
(      209,    1,             0, 'GOSSIP_OPTION_QUESTGIVER',                            2,                    2,                0,               0,                  0,           0,           0, NULL,                    0),
(      209,    2,             2, 'I''d like to fly to an Alliance location.',           1,                    1,              182,               0,                  0,           0,           0, NULL,                 1738),
(      210,    0,             2, 'Show me where I can fly.',                            4,                    8,                0,               0,                  0,           0,           0, NULL,                    3),
(      210,    1,             0, 'GOSSIP_OPTION_QUESTGIVER',                            2,                    2,                0,               0,                  0,           0,           0, NULL,                    0),
(      210,    2,             2, 'I''d like to fly to an Alliance location.',           1,                    1,              182,               0,                  0,           0,           0, NULL,                 1739),
(      211,    0,             2, 'Show me where I can fly.',                            4,                    8,                0,               0,                  0,           0,           0, NULL,                    2),
(      211,    1,             0, 'GOSSIP_OPTION_QUESTGIVER',                            2,                    2,                0,               0,                  0,           0,           0, NULL,                    0),
(      211,    2,             2, 'I''d like to fly to a Horde location.',               1,                    1,              184,               0,                  0,           0,           0, NULL,                 4904),
(      212,    0,             2, 'Show me where I can fly.',                            4,                    8,                0,               0,                  0,           0,           0, NULL,                    2),
(      212,    1,             0, 'GOSSIP_OPTION_QUESTGIVER',                            2,                    2,                0,               0,                  0,           0,           0, NULL,                    0),
(      212,    2,             2, 'I''d like to fly to a Horde location.',               1,                    1,              184,               0,                  0,           0,           0, NULL,                 4904),
(      213,    0,             2, 'Show me where I can fly.',                            4,                    8,                0,               0,                  0,           0,           0, NULL,                    3),
(      213,    1,             0, 'GOSSIP_OPTION_QUESTGIVER',                            2,                    2,                0,               0,                  0,           0,           0, NULL,                    0),
(      213,    2,             2, 'I''d like to fly to an Alliance location.',           1,                    1,              183,               0,                  0,           0,           0, NULL,                 1734),
(      214,    0,             2, 'Show me where I can fly.',                            4,                    8,                0,               0,                  0,           0,           0, NULL,                    2),
(      214,    1,             0, 'GOSSIP_OPTION_QUESTGIVER',                            2,                    2,                0,               0,                  0,           0,           0, NULL,                    0),
(      214,    2,             2, 'I''d like to fly to a Horde location.',               1,                    1,              185,               0,                  0,           0,           0, NULL,                 1746),
(      215,    0,             2, 'Show me where I can fly.',                            4,                    8,                0,               0,                  0,           0,           0, NULL,                    2),
(      215,    1,             0, 'GOSSIP_OPTION_QUESTGIVER',                            2,                    2,                0,               0,                  0,           0,           0, NULL,                    0),
(      215,    2,             2, 'I''d like to fly to a Horde location.',               1,                    1,              185,               0,                  0,           0,           0, NULL,                 1747),
(      216,    0,             2, 'Show me where I can fly.',                            4,                    8,                0,               0,                  0,           0,           0, NULL,                    3),
(      216,    1,             0, 'GOSSIP_OPTION_QUESTGIVER',                            2,                    2,                0,               0,                  0,           0,           0, NULL,                    0),
(      216,    2,             2, 'I''d like to fly to an Alliance location.',           1,                    1,              183,               0,                  0,           0,           0, NULL,                 1735),
(      217,    0,             2, 'Show me where I can fly.',                            4,                    8,                0,               0,                  0,           0,           0, NULL,                    3),
(      217,    1,             0, 'GOSSIP_OPTION_QUESTGIVER',                            2,                    2,                0,               0,                  0,           0,           0, NULL,                    0),
(      217,    2,             2, 'I''d like to fly to an Alliance location.',           1,                    1,              183,               0,                  0,           0,           0, NULL,                 1739),
(      218,    0,             2, 'Show me where I can fly.',                            4,                    8,                0,               0,                  0,           0,           0, NULL,                    3),
(      218,    1,             0, 'GOSSIP_OPTION_QUESTGIVER',                            2,                    2,                0,               0,                  0,           0,           0, NULL,                    0),
(      218,    2,             2, 'I''d like to fly to an Alliance location.',           1,                    1,              183,               0,                  0,           0,           0, NULL,                 1734),
(      219,    0,             2, 'Show me where I can fly.',                            4,                    8,                0,               0,                  0,           0,           0, NULL,                    2),
(      219,    1,             0, 'GOSSIP_OPTION_QUESTGIVER',                            2,                    2,                0,               0,                  0,           0,           0, NULL,                    0),
(      219,    2,             2, 'I''d like to fly to a Horde location.',               1,                    1,              184,               0,                  0,           0,           0, NULL,                 1744),
(      220,    0,             2, 'Show me where I can fly.',                            4,                    8,                0,               0,                  0,           0,           0, NULL,                    3),
(      220,    1,             0, 'GOSSIP_OPTION_QUESTGIVER',                            2,                    2,                0,               0,                  0,           0,           0, NULL,                    0),
(      220,    2,             2, 'I''d like to fly to an Alliance location.',           1,                    1,              183,               0,                  0,           0,           0, NULL,                 1735),
(      221,    0,             2, 'Show me where I can fly.',                            4,                    8,                0,               0,                  0,           0,           0, NULL,                    2),
(      221,    1,             0, 'GOSSIP_OPTION_QUESTGIVER',                            2,                    2,                0,               0,                  0,           0,           0, NULL,                    0),
(      221,    2,             2, 'I''d like to fly to a Horde location.',               1,                    1,              185,               0,                  0,           0,           0, NULL,                 1747),
(      222,    0,             2, 'Show me where I can fly.',                            4,                    8,                0,               0,                  0,           0,           0, NULL,                    3),
(      222,    1,             0, 'GOSSIP_OPTION_QUESTGIVER',                            2,                    2,                0,               0,                  0,           0,           0, NULL,                    0),
(      222,    2,             2, 'I''d like to fly to an Alliance location.',           1,                    1,              183,               0,                  0,           0,           0, NULL,                 1739),
(      223,    0,             2, 'Show me where I can fly.',                            4,                    8,                0,               0,                  0,           0,           0, NULL,                    2),
(      223,    1,             0, 'GOSSIP_OPTION_QUESTGIVER',                            2,                    2,                0,               0,                  0,           0,           0, NULL,                    0),
(      223,    2,             2, 'I''d like to fly to a Horde location.',               1,                    1,              185,               0,                  0,           0,           0, NULL,                 1745),
(      224,    0,             2, 'Show me where I can fly.',                            4,                    8,                0,               0,                  0,           0,           0, NULL,                    3),
(      224,    1,             0, 'GOSSIP_OPTION_QUESTGIVER',                            2,                    2,                0,               0,                  0,           0,           0, NULL,                    0),
(      224,    2,             2, 'I''d like to fly to an Alliance location.',           1,                    1,              182,               0,                  0,           0,           0, NULL,                 1729),
(      225,    0,             2, 'Show me where I can fly.',                            4,                    8,                0,               0,                  0,           0,           0, NULL,                    3),
(      225,    1,             0, 'GOSSIP_OPTION_QUESTGIVER',                            2,                    2,                0,               0,                  0,           0,           0, NULL,                    0),
(      225,    2,             2, 'I''d like to fly to an Alliance location.',           1,                    1,              183,               0,                  0,           0,           0, NULL,                 1735),
(      226,    0,             2, 'Show me where I can fly.',                            4,                    8,                0,               0,                  0,           0,           0, NULL,                    2),
(      226,    1,             0, 'GOSSIP_OPTION_QUESTGIVER',                            2,                    2,                0,               0,                  0,           0,           0, NULL,                    0),
(      226,    2,             2, 'I''d like to fly to a Horde location.',               1,                    1,              185,               0,                  0,           0,           0, NULL,                 1748),
(      227,    0,             2, 'Show me where I can fly.',                            4,                    8,                0,               0,                  0,           0,           0, NULL,                    3),
(      227,    1,             0, 'GOSSIP_OPTION_QUESTGIVER',                            2,                    2,                0,               0,                  0,           0,           0, NULL,                    0),
(      227,    2,             2, 'I''d like to fly to an Alliance location.',           1,                    1,              182,               0,                  0,           0,           0, NULL,                 1739),
(      228,    0,             2, 'Show me where I can fly.',                            4,                    8,                0,               0,                  0,           0,           0, NULL,                    2),
(      228,    1,             0, 'GOSSIP_OPTION_QUESTGIVER',                            2,                    2,                0,               0,                  0,           0,           0, NULL,                    0),
(      228,    2,             2, 'I''d like to fly to a Horde location.',               1,                    1,              185,               0,                  0,           0,           0, NULL,                 1744),
(      229,    0,             2, 'Show me where I can fly.',                            4,                    8,                0,               0,                  0,           0,           0, NULL,                    3),
(      229,    1,             0, 'GOSSIP_OPTION_QUESTGIVER',                            2,                    2,                0,               0,                  0,           0,           0, NULL,                    0),
(      229,    2,             2, 'I''d like to fly to an Alliance location.',           1,                    1,              183,               0,                  0,           0,           0, NULL,                 1735),
(      230,    0,             2, 'Show me where I can fly.',                            4,                    8,                0,               0,                  0,           0,           0, NULL,                    3),
(      230,    1,             0, 'GOSSIP_OPTION_QUESTGIVER',                            2,                    2,                0,               0,                  0,           0,           0, NULL,                    0),
(      230,    2,             2, 'I''d like to fly to an Alliance location.',           1,                    1,              183,               0,                  0,           0,           0, NULL,                 1736),
(      231,    0,             2, 'Show me where I can fly.',                            4,                    8,                0,               0,                  0,           0,           0, NULL,                    2),
(      231,    1,             0, 'GOSSIP_OPTION_QUESTGIVER',                            2,                    2,                0,               0,                  0,           0,           0, NULL,                    0),
(      231,    2,             2, 'I''d like to fly to a Horde location.',               1,                    1,              185,               0,                  0,           0,           0, NULL,                 1745),
(      232,    0,             2, 'Show me where I can fly.',                            4,                    8,                0,               0,                  0,           0,           0, NULL,                    2),
(      232,    1,             0, 'GOSSIP_OPTION_QUESTGIVER',                            2,                    2,                0,               0,                  0,           0,           0, NULL,                    0),
(      232,    2,             2, 'I''d like to fly to a Horde location.',               1,                    1,              185,               0,                  0,           0,           0, NULL,                 1744),
(      233,    0,             2, 'Show me where I can fly.',                            4,                    8,                0,               0,                  0,           0,           0, NULL,                    2),
(      233,    1,             0, 'GOSSIP_OPTION_QUESTGIVER',                            2,                    2,                0,               0,                  0,           0,           0, NULL,                    0),
(      233,    2,             2, 'I''d like to fly to a Horde location.',               1,                    1,              185,               0,                  0,           0,           0, NULL,                 1744),
(      234,    0,             2, 'Show me where I can fly.',                            4,                    8,                0,               0,                  0,           0,           0, NULL,                    2),
(      234,    1,             0, 'GOSSIP_OPTION_QUESTGIVER',                            2,                    2,                0,               0,                  0,           0,           0, NULL,                    0),
(      234,    2,             2, 'I''d like to fly to a Horde location.',               1,                    1,              185,               0,                  0,           0,           0, NULL,                 1744),
(      235,    0,             2, 'Show me where I can fly.',                            4,                    8,                0,               0,                  0,           0,           0, NULL,                    0),
(      235,    1,             0, 'GOSSIP_OPTION_QUESTGIVER',                            2,                    2,                0,               0,                  0,           0,           0, NULL,                    0),
(      235,    2,             2, 'I''d like to fly to an Alliance location.',           1,                    1,              183,               0,                  0,           0,           0, NULL,                 1736),
(      236,    0,             2, 'Show me where I can fly.',                            4,                    8,                0,               0,                  0,           0,           0, NULL,                    3),
(      236,    1,             0, 'GOSSIP_OPTION_QUESTGIVER',                            2,                    2,                0,               0,                  0,           0,           0, NULL,                    0),
(      236,    2,             2, 'I''d like to fly to an Alliance location.',           1,                    1,              183,               0,                  0,           0,           0, NULL,                 1736),
(      237,    0,             2, 'Show me where I can fly.',                            4,                    8,                0,               0,                  0,           0,           0, NULL,                    3),
(      237,    1,             0, 'GOSSIP_OPTION_QUESTGIVER',                            2,                    2,                0,               0,                  0,           0,           0, NULL,                    0),
(      237,    2,             2, 'I''d like to fly to an Alliance location.',           1,                    1,              182,               0,                  0,           0,           0, NULL,                 1733),
(      238,    0,             2, 'Show me where I can fly.',                            4,                    8,                0,               0,                  0,           0,           0, NULL,                    2),
(      238,    1,             0, 'GOSSIP_OPTION_QUESTGIVER',                            2,                    2,                0,               0,                  0,           0,           0, NULL,                    0),
(      238,    2,             2, 'I''d like to fly to a Horde location.',               1,                    1,              185,               0,                  0,           0,           0, NULL,                 1744),
(      239,    0,             2, 'Show me where I can fly.',                            4,                    8,                0,               0,                  0,           0,           0, NULL,                    3),
(      239,    1,             0, 'GOSSIP_OPTION_QUESTGIVER',                            2,                    2,                0,               0,                  0,           0,           0, NULL,                    0),
(      239,    2,             2, 'I''d like to fly to an Alliance location.',           1,                    1,              182,               0,                  0,           0,           0, NULL,                 1730),
(      240,    0,             2, 'Show me where I can fly.',                            4,                    8,                0,               0,                  0,           0,           0, NULL,                    2),
(      240,    1,             0, 'GOSSIP_OPTION_QUESTGIVER',                            2,                    2,                0,               0,                  0,           0,           0, NULL,                    0),
(      240,    2,             2, 'I''d like to fly to a Horde location.',               1,                    1,              185,               0,                  0,           0,           0, NULL,                 1745),
(      241,    0,             2, 'Show me where I can fly.',                            4,                    8,                0,               0,                  0,           0,           0, NULL,                    2),
(      241,    1,             0, 'GOSSIP_OPTION_QUESTGIVER',                            2,                    2,                0,               0,                  0,           0,           0, NULL,                    0),
(      241,    2,             2, 'I''d like to fly to a Horde location.',               1,                    1,              184,               0,                  0,           0,           0, NULL,                 1745),
(      242,    0,             2, 'Show me where I can fly.',                            4,                    8,                0,               0,                  0,           0,           0, NULL,                    3),
(      242,    1,             0, 'GOSSIP_OPTION_QUESTGIVER',                            2,                    2,                0,               0,                  0,           0,           0, NULL,                    0),
(      242,    2,             2, 'I''d like to fly to an Alliance location.',           1,                    1,              183,               0,                  0,           0,           0, NULL,                 1736),
(      243,    0,             2, 'Show me where I can fly.',                            4,                    8,                0,               0,                  0,           0,           0, NULL,                    2),
(      243,    1,             0, 'GOSSIP_OPTION_QUESTGIVER',                            2,                    2,                0,               0,                  0,           0,           0, NULL,                    0),
(      243,    2,             2, 'I''d like to fly to a Horde location.',               1,                    1,              185,               0,                  0,           0,           0, NULL,                 1748),
(      244,    0,             2, 'I need a ride.',                                      4,                    8,                0,               0,                  0,           0,           0, NULL,                    2),
(      244,    1,             2, 'I''d like to fly to a Horde location.',               1,                    8,              184,               0,                  0,           0,           0, NULL,                 1742);

UPDATE `creature_template` SET `gossip_menu_id` = 186 WHERE `Entry` =   352;
UPDATE `creature_template` SET `gossip_menu_id` = 187 WHERE `Entry` =   523;
UPDATE `creature_template` SET `gossip_menu_id` = 198 WHERE `Entry` =  2226;
UPDATE `creature_template` SET `gossip_menu_id` = 189 WHERE `Entry` =  3841;
UPDATE `creature_template` SET `gossip_menu_id` = 190 WHERE `Entry` =  3838;
UPDATE `creature_template` SET `gossip_menu_id` = 191 WHERE `Entry` =  2859;
UPDATE `creature_template` SET `gossip_menu_id` = 192 WHERE `Entry` =  2858;
UPDATE `creature_template` SET `gossip_menu_id` = 193 WHERE `Entry` =  4551;
UPDATE `creature_template` SET `gossip_menu_id` = 194 WHERE `Entry` =  3615;
UPDATE `creature_template` SET `gossip_menu_id` = 195 WHERE `Entry` =  2995;
UPDATE `creature_template` SET `gossip_menu_id` = 196 WHERE `Entry` =  3310;
UPDATE `creature_template` SET `gossip_menu_id` = 197 WHERE `Entry` =  1572;
UPDATE `creature_template` SET `gossip_menu_id` = 198 WHERE `Entry` =  1573;
UPDATE `creature_template` SET `gossip_menu_id` = 199 WHERE `Entry` =  2941;
UPDATE `creature_template` SET `gossip_menu_id` = 200 WHERE `Entry` =  3305;
UPDATE `creature_template` SET `gossip_menu_id` = 201 WHERE `Entry` =  4314;
UPDATE `creature_template` SET `gossip_menu_id` = 202 WHERE `Entry` = 10378;
UPDATE `creature_template` SET `gossip_menu_id` = 203 WHERE `Entry` =   931;
UPDATE `creature_template` SET `gossip_menu_id` = 204 WHERE `Entry` =  1387;
UPDATE `creature_template` SET `gossip_menu_id` = 205 WHERE `Entry` =  1571;
UPDATE `creature_template` SET `gossip_menu_id` = 206 WHERE `Entry` =  2299;
UPDATE `creature_template` SET `gossip_menu_id` = 207 WHERE `Entry` =  2389;
UPDATE `creature_template` SET `gossip_menu_id` = 208 WHERE `Entry` =  2409;
UPDATE `creature_template` SET `gossip_menu_id` = 209 WHERE `Entry` =  2432;
UPDATE `creature_template` SET `gossip_menu_id` = 210 WHERE `Entry` =  2835;
UPDATE `creature_template` SET `gossip_menu_id` = 211 WHERE `Entry` =  2851;
UPDATE `creature_template` SET `gossip_menu_id` = 212 WHERE `Entry` =  2861;
UPDATE `creature_template` SET `gossip_menu_id` = 213 WHERE `Entry` =  4267;
UPDATE `creature_template` SET `gossip_menu_id` = 214 WHERE `Entry` =  4312;
UPDATE `creature_template` SET `gossip_menu_id` = 215 WHERE `Entry` =  4317;
UPDATE `creature_template` SET `gossip_menu_id` = 216 WHERE `Entry` =  4319;
UPDATE `creature_template` SET `gossip_menu_id` = 217 WHERE `Entry` =  4321;
UPDATE `creature_template` SET `gossip_menu_id` = 218 WHERE `Entry` =  4407;
UPDATE `creature_template` SET `gossip_menu_id` = 219 WHERE `Entry` =  6026;
UPDATE `creature_template` SET `gossip_menu_id` = 220 WHERE `Entry` =  6706;
UPDATE `creature_template` SET `gossip_menu_id` = 221 WHERE `Entry` =  6726;
UPDATE `creature_template` SET `gossip_menu_id` = 222 WHERE `Entry` =  7823;
UPDATE `creature_template` SET `gossip_menu_id` = 223 WHERE `Entry` =  7824;
UPDATE `creature_template` SET `gossip_menu_id` = 224 WHERE `Entry` =  8018;
UPDATE `creature_template` SET `gossip_menu_id` = 225 WHERE `Entry` =  8019;
UPDATE `creature_template` SET `gossip_menu_id` = 226 WHERE `Entry` =  8020;
UPDATE `creature_template` SET `gossip_menu_id` = 227 WHERE `Entry` =  8609;
UPDATE `creature_template` SET `gossip_menu_id` = 228 WHERE `Entry` =  8610;
UPDATE `creature_template` SET `gossip_menu_id` = 229 WHERE `Entry` = 10897;
UPDATE `creature_template` SET `gossip_menu_id` = 230 WHERE `Entry` = 11138;
UPDATE `creature_template` SET `gossip_menu_id` = 231 WHERE `Entry` = 11139;
UPDATE `creature_template` SET `gossip_menu_id` = 232 WHERE `Entry` = 11899;
UPDATE `creature_template` SET `gossip_menu_id` = 233 WHERE `Entry` = 11900;
UPDATE `creature_template` SET `gossip_menu_id` = 234 WHERE `Entry` = 11901;
UPDATE `creature_template` SET `gossip_menu_id` = 235 WHERE `Entry` = 12577;
UPDATE `creature_template` SET `gossip_menu_id` = 236 WHERE `Entry` = 12578;
UPDATE `creature_template` SET `gossip_menu_id` = 237 WHERE `Entry` = 12596;
UPDATE `creature_template` SET `gossip_menu_id` = 238 WHERE `Entry` = 12616;
UPDATE `creature_template` SET `gossip_menu_id` = 239 WHERE `Entry` = 12617;
UPDATE `creature_template` SET `gossip_menu_id` = 240 WHERE `Entry` = 12740;
UPDATE `creature_template` SET `gossip_menu_id` = 241 WHERE `Entry` = 13177;
UPDATE `creature_template` SET `gossip_menu_id` = 242 WHERE `Entry` = 15177;
UPDATE `creature_template` SET `gossip_menu_id` = 243 WHERE `Entry` = 15178;
UPDATE `creature_template` SET `gossip_menu_id` = 244 WHERE `Entry` = 12636;

UPDATE `gossip_scripts` SET `datalong` = 27 WHERE `command` = 30 AND `datalong` = 315;
UPDATE `gossip_scripts` SET `datalong` = 22 WHERE `command` = 30 AND `datalong` = 316;
UPDATE `gossip_scripts` SET `datalong` = 85 WHERE `command` = 30 AND `datalong` = 494;
UPDATE `gossip_scripts` SET `datalong` = 86 WHERE `command` = 30 AND `datalong` = 495;
UPDATE `gossip_scripts` SET `datalong` = 87 WHERE `command` = 30 AND `datalong` = 496;
